SET @SYSTEM_USER_ID = '30000000-0000-0000-0000-000000000001';

INSERT INTO insurance_companies (
    id,
    insurance_company_code,
    insurance_company_name,
    insurance_company_status,
    insurance_company_phone,
    created_by,
    updated_by
)
VALUES
    ('50000000-0000-0000-0000-000000000001', 'IC001', '리리아생명', 'ACTIVE', '1588-1001', @SYSTEM_USER_ID, @SYSTEM_USER_ID),
    ('50000000-0000-0000-0000-000000000002', 'IC002', '리리아손해보험', 'ACTIVE', '1588-1002', @SYSTEM_USER_ID, @SYSTEM_USER_ID);

INSERT INTO insurance_categories (
    id,
    insurance_category_code,
    insurance_category_name,
    insurance_category_status,
    created_by,
    updated_by
)
VALUES
    ('51000000-0000-0000-0000-000000000001', 'CAT001', '종신보험', 'ACTIVE', @SYSTEM_USER_ID, @SYSTEM_USER_ID),
    ('51000000-0000-0000-0000-000000000002', 'CAT002', '건강보험', 'ACTIVE', @SYSTEM_USER_ID, @SYSTEM_USER_ID);

INSERT INTO insurance_products (
    id,
    insurance_product_code,
    insurance_company_id,
    insurance_category_id,
    insurance_product_name,
    insurance_product_status,
    insurance_start_date,
    insurance_end_date,
    coverage_period_type,
    coverage_period_years,
    coverage_age_limit,
    is_lifetime_coverage,
    is_renewable,
    renewal_cycle,
    product_description,
    created_by,
    updated_by
)
VALUES
    ('52000000-0000-0000-0000-000000000001', 'IP001', '50000000-0000-0000-0000-000000000001', '51000000-0000-0000-0000-000000000001', '리리아 종신 안심보험', 'ACTIVE', '2024-01-01', NULL, 'LIFETIME', NULL, NULL, true, false, NULL, '종신 보장형 보험', @SYSTEM_USER_ID, @SYSTEM_USER_ID),
    ('52000000-0000-0000-0000-000000000002', 'IP002', '50000000-0000-0000-0000-000000000001', '51000000-0000-0000-0000-000000000002', '리리아 건강 플랜보험', 'ACTIVE', '2024-01-01', NULL, 'YEARS', 20, NULL, false, true, 5, '건강 보장형 보험', @SYSTEM_USER_ID, @SYSTEM_USER_ID),
    ('52000000-0000-0000-0000-000000000003', 'IP003', '50000000-0000-0000-0000-000000000002', '51000000-0000-0000-0000-000000000002', '리리아 암케어보험', 'ACTIVE', '2024-01-01', NULL, 'YEARS', 10, NULL, false, true, 5, '암 진단 중심 보험', @SYSTEM_USER_ID, @SYSTEM_USER_ID),
    ('52000000-0000-0000-0000-000000000004', 'IP004', '50000000-0000-0000-0000-000000000002', '51000000-0000-0000-0000-000000000001', '리리아 프리미엄 종신보험', 'ACTIVE', '2024-01-01', NULL, 'AGE', NULL, 90, false, false, NULL, '프리미엄 종신 보장형 보험', @SYSTEM_USER_ID, @SYSTEM_USER_ID);

INSERT INTO contracts (
    id,
    contract_code,
    customer_id,
    fp_id,
    insurance_product_id,
    contract_date,
    contract_start_date,
    contract_end_date,
    contract_status,
    payment_period_years,
    payment_cycle,
    monthly_premium,
    coverage_start_date,
    coverage_end_date,
    coverage_summary,
    created_by,
    updated_by
)
VALUES
    ('60000000-0000-0000-0000-000000000001', 'CTR001', '40000000-0000-0000-0000-000000000001', '30000000-0000-0000-0000-000000000011', '52000000-0000-0000-0000-000000000001', '2024-01-10', '2024-01-10', '2044-01-09', 'MAINTENANCE', 20, 'MONTHLY', 120000.00, '2024-01-10', '2044-01-09', '종신 주계약', @SYSTEM_USER_ID, @SYSTEM_USER_ID),
    ('60000000-0000-0000-0000-000000000002', 'CTR002', '40000000-0000-0000-0000-000000000001', '30000000-0000-0000-0000-000000000011', '52000000-0000-0000-0000-000000000003', '2025-02-15', '2025-02-15', '2035-02-14', 'MAINTENANCE', 10, 'MONTHLY', 80000.00, '2025-02-15', '2035-02-14', '암 특약', @SYSTEM_USER_ID, @SYSTEM_USER_ID),
    ('60000000-0000-0000-0000-000000000003', 'CTR003', '40000000-0000-0000-0000-000000000002', '30000000-0000-0000-0000-000000000011', '52000000-0000-0000-0000-000000000002', '2024-03-01', '2024-03-01', '2044-02-28', 'MAINTENANCE', 20, 'MONTHLY', 95000.00, '2024-03-01', '2044-02-28', '건강 주계약', @SYSTEM_USER_ID, @SYSTEM_USER_ID),
    ('60000000-0000-0000-0000-000000000004', 'CTR004', '40000000-0000-0000-0000-000000000003', '30000000-0000-0000-0000-000000000011', '52000000-0000-0000-0000-000000000001', '2023-11-21', '2023-11-21', '2043-11-20', 'MAINTENANCE', 20, 'MONTHLY', 110000.00, '2023-11-21', '2043-11-20', '종신 보장', @SYSTEM_USER_ID, @SYSTEM_USER_ID),
    ('60000000-0000-0000-0000-000000000005', 'CTR005', '40000000-0000-0000-0000-000000000004', '30000000-0000-0000-0000-000000000012', '52000000-0000-0000-0000-000000000004', '2024-04-05', '2024-04-05', '2054-04-04', 'MAINTENANCE', 30, 'MONTHLY', 150000.00, '2024-04-05', '2054-04-04', '프리미엄 종신', @SYSTEM_USER_ID, @SYSTEM_USER_ID),
    ('60000000-0000-0000-0000-000000000006', 'CTR006', '40000000-0000-0000-0000-000000000004', '30000000-0000-0000-0000-000000000012', '52000000-0000-0000-0000-000000000002', '2025-01-12', '2025-01-12', '2045-01-11', 'MAINTENANCE', 20, 'MONTHLY', 70000.00, '2025-01-12', '2045-01-11', '건강 특약', @SYSTEM_USER_ID, @SYSTEM_USER_ID),
    ('60000000-0000-0000-0000-000000000007', 'CTR007', '40000000-0000-0000-0000-000000000005', '30000000-0000-0000-0000-000000000012', '52000000-0000-0000-0000-000000000003', '2024-06-03', '2024-06-03', '2034-06-02', 'MAINTENANCE', 10, 'MONTHLY', 85000.00, '2024-06-03', '2034-06-02', '암 보장', @SYSTEM_USER_ID, @SYSTEM_USER_ID),
    ('60000000-0000-0000-0000-000000000008', 'CTR008', '40000000-0000-0000-0000-000000000006', '30000000-0000-0000-0000-000000000012', '52000000-0000-0000-0000-000000000002', '2023-12-18', '2023-12-18', '2043-12-17', 'MAINTENANCE', 20, 'MONTHLY', 65000.00, '2023-12-18', '2043-12-17', '건강 보장', @SYSTEM_USER_ID, @SYSTEM_USER_ID),
    ('60000000-0000-0000-0000-000000000009', 'CTR009', '40000000-0000-0000-0000-000000000007', '30000000-0000-0000-0000-000000000013', '52000000-0000-0000-0000-000000000004', '2024-02-08', '2024-02-08', '2054-02-07', 'MAINTENANCE', 30, 'MONTHLY', 180000.00, '2024-02-08', '2054-02-07', '고액 종신', @SYSTEM_USER_ID, @SYSTEM_USER_ID),
    ('60000000-0000-0000-0000-000000000010', 'CTR010', '40000000-0000-0000-0000-000000000007', '30000000-0000-0000-0000-000000000013', '52000000-0000-0000-0000-000000000003', '2025-03-20', '2025-03-20', '2035-03-19', 'MAINTENANCE', 10, 'MONTHLY', 60000.00, '2025-03-20', '2035-03-19', '암 특약', @SYSTEM_USER_ID, @SYSTEM_USER_ID),
    ('60000000-0000-0000-0000-000000000011', 'CTR011', '40000000-0000-0000-0000-000000000008', '30000000-0000-0000-0000-000000000013', '52000000-0000-0000-0000-000000000001', '2024-07-09', '2024-07-09', '2044-07-08', 'MAINTENANCE', 20, 'MONTHLY', 90000.00, '2024-07-09', '2044-07-08', '종신형', @SYSTEM_USER_ID, @SYSTEM_USER_ID),
    ('60000000-0000-0000-0000-000000000012', 'CTR012', '40000000-0000-0000-0000-000000000009', '30000000-0000-0000-0000-000000000013', '52000000-0000-0000-0000-000000000002', '2024-05-14', '2024-05-14', '2044-05-13', 'MAINTENANCE', 20, 'MONTHLY', 72000.00, '2024-05-14', '2044-05-13', '건강형', @SYSTEM_USER_ID, @SYSTEM_USER_ID),
    ('60000000-0000-0000-0000-000000000013', 'CTR013', '40000000-0000-0000-0000-000000000010', '30000000-0000-0000-0000-000000000014', '52000000-0000-0000-0000-000000000004', '2024-08-01', '2024-08-01', '2054-07-31', 'MAINTENANCE', 30, 'MONTHLY', 140000.00, '2024-08-01', '2054-07-31', '프리미엄 종신', @SYSTEM_USER_ID, @SYSTEM_USER_ID),
    ('60000000-0000-0000-0000-000000000014', 'CTR014', '40000000-0000-0000-0000-000000000011', '30000000-0000-0000-0000-000000000014', '52000000-0000-0000-0000-000000000002', '2024-06-11', '2024-06-11', '2044-06-10', 'MAINTENANCE', 20, 'MONTHLY', 78000.00, '2024-06-11', '2044-06-10', '건강보험', @SYSTEM_USER_ID, @SYSTEM_USER_ID),
    ('60000000-0000-0000-0000-000000000015', 'CTR015', '40000000-0000-0000-0000-000000000012', '30000000-0000-0000-0000-000000000014', '52000000-0000-0000-0000-000000000003', '2024-03-27', '2024-03-27', '2034-03-26', 'MAINTENANCE', 10, 'MONTHLY', 55000.00, '2024-03-27', '2034-03-26', '암보험', @SYSTEM_USER_ID, @SYSTEM_USER_ID),
    ('60000000-0000-0000-0000-000000000016', 'CTR016', '40000000-0000-0000-0000-000000000013', '30000000-0000-0000-0000-000000000015', '52000000-0000-0000-0000-000000000001', '2024-01-16', '2024-01-16', '2044-01-15', 'MAINTENANCE', 20, 'MONTHLY', 102000.00, '2024-01-16', '2044-01-15', '종신보험', @SYSTEM_USER_ID, @SYSTEM_USER_ID),
    ('60000000-0000-0000-0000-000000000017', 'CTR017', '40000000-0000-0000-0000-000000000013', '30000000-0000-0000-0000-000000000015', '52000000-0000-0000-0000-000000000003', '2025-04-09', '2025-04-09', '2035-04-08', 'MAINTENANCE', 10, 'MONTHLY', 58000.00, '2025-04-09', '2035-04-08', '암특약', @SYSTEM_USER_ID, @SYSTEM_USER_ID),
    ('60000000-0000-0000-0000-000000000018', 'CTR018', '40000000-0000-0000-0000-000000000014', '30000000-0000-0000-0000-000000000015', '52000000-0000-0000-0000-000000000002', '2024-09-13', '2024-09-13', '2044-09-12', 'MAINTENANCE', 20, 'MONTHLY', 88000.00, '2024-09-13', '2044-09-12', '건강보험', @SYSTEM_USER_ID, @SYSTEM_USER_ID),
    ('60000000-0000-0000-0000-000000000019', 'CTR019', '40000000-0000-0000-0000-000000000015', '30000000-0000-0000-0000-000000000015', '52000000-0000-0000-0000-000000000003', '2024-10-21', '2024-10-21', '2034-10-20', 'MAINTENANCE', 10, 'MONTHLY', 62000.00, '2024-10-21', '2034-10-20', '암보험', @SYSTEM_USER_ID, @SYSTEM_USER_ID),
    ('60000000-0000-0000-0000-000000000020', 'CTR020', '40000000-0000-0000-0000-000000000016', '30000000-0000-0000-0000-000000000016', '52000000-0000-0000-0000-000000000004', '2024-05-02', '2024-05-02', '2054-05-01', 'MAINTENANCE', 30, 'MONTHLY', 132000.00, '2024-05-02', '2054-05-01', '프리미엄 종신', @SYSTEM_USER_ID, @SYSTEM_USER_ID),
    ('60000000-0000-0000-0000-000000000021', 'CTR021', '40000000-0000-0000-0000-000000000017', '30000000-0000-0000-0000-000000000016', '52000000-0000-0000-0000-000000000002', '2023-10-11', '2023-10-11', '2043-10-10', 'MAINTENANCE', 20, 'MONTHLY', 69000.00, '2023-10-11', '2043-10-10', '건강보험', @SYSTEM_USER_ID, @SYSTEM_USER_ID),
    ('60000000-0000-0000-0000-000000000022', 'CTR022', '40000000-0000-0000-0000-000000000018', '30000000-0000-0000-0000-000000000016', '52000000-0000-0000-0000-000000000003', '2024-02-26', '2024-02-26', '2034-02-25', 'MAINTENANCE', 10, 'MONTHLY', 51000.00, '2024-02-26', '2034-02-25', '암보험', @SYSTEM_USER_ID, @SYSTEM_USER_ID),
    ('60000000-0000-0000-0000-000000000023', 'CTR023', '40000000-0000-0000-0000-000000000019', '30000000-0000-0000-0000-000000000017', '52000000-0000-0000-0000-000000000001', '2024-04-17', '2024-04-17', '2044-04-16', 'MAINTENANCE', 20, 'MONTHLY', 97000.00, '2024-04-17', '2044-04-16', '종신보험', @SYSTEM_USER_ID, @SYSTEM_USER_ID),
    ('60000000-0000-0000-0000-000000000024', 'CTR024', '40000000-0000-0000-0000-000000000020', '30000000-0000-0000-0000-000000000017', '52000000-0000-0000-0000-000000000002', '2024-07-23', '2024-07-23', '2044-07-22', 'MAINTENANCE', 20, 'MONTHLY', 76000.00, '2024-07-23', '2044-07-22', '건강보험', @SYSTEM_USER_ID, @SYSTEM_USER_ID);

INSERT INTO consultations (
    id,
    consultation_sequence,
    customer_id,
    fp_id,
    contract_id,
    consultation_type,
    consultation_channel,
    consulted_at,
    special_note,
    next_scheduled_at,
    created_by,
    updated_by
)
VALUES
    ('70000000-0000-0000-0000-000000000001', 1, '40000000-0000-0000-0000-000000000001', '30000000-0000-0000-0000-000000000011', '60000000-0000-0000-0000-000000000001', 'RENEWAL', 'VISIT', '2026-04-10 14:00:00', '갱신 안내 상담', '2026-06-20 10:00:00', @SYSTEM_USER_ID, @SYSTEM_USER_ID),
    ('70000000-0000-0000-0000-000000000002', 2, '40000000-0000-0000-0000-000000000001', '30000000-0000-0000-0000-000000000011', '60000000-0000-0000-0000-000000000002', 'CLAIM', 'PHONE', '2026-05-22 16:00:00', '특약 보장 문의', '2026-06-12 09:30:00', @SYSTEM_USER_ID, @SYSTEM_USER_ID),
    ('70000000-0000-0000-0000-000000000003', 1, '40000000-0000-0000-0000-000000000002', '30000000-0000-0000-0000-000000000011', '60000000-0000-0000-0000-000000000003', 'RENEWAL', 'MESSAGE', '2026-04-18 11:00:00', '만기 전 안내', '2026-07-01 11:00:00', @SYSTEM_USER_ID, @SYSTEM_USER_ID),
    ('70000000-0000-0000-0000-000000000004', 1, '40000000-0000-0000-0000-000000000003', '30000000-0000-0000-0000-000000000011', '60000000-0000-0000-0000-000000000004', 'CLAIM', 'PHONE', '2026-03-15 13:00:00', '보험금 청구 문의', NULL, @SYSTEM_USER_ID, @SYSTEM_USER_ID),
    ('70000000-0000-0000-0000-000000000005', 1, '40000000-0000-0000-0000-000000000004', '30000000-0000-0000-0000-000000000012', '60000000-0000-0000-0000-000000000005', 'RENEWAL', 'VISIT', '2026-04-03 15:00:00', '보장 점검', '2026-06-28 15:00:00', @SYSTEM_USER_ID, @SYSTEM_USER_ID),
    ('70000000-0000-0000-0000-000000000006', 2, '40000000-0000-0000-0000-000000000004', '30000000-0000-0000-0000-000000000012', '60000000-0000-0000-0000-000000000006', 'NEW_CONTRACT', 'PHONE', '2026-05-25 10:30:00', '추가 특약 제안', '2026-06-10 14:00:00', @SYSTEM_USER_ID, @SYSTEM_USER_ID),
    ('70000000-0000-0000-0000-000000000007', 1, '40000000-0000-0000-0000-000000000005', '30000000-0000-0000-0000-000000000012', '60000000-0000-0000-0000-000000000007', 'RENEWAL', 'MESSAGE', '2026-02-17 09:00:00', '납입 현황 점검', NULL, @SYSTEM_USER_ID, @SYSTEM_USER_ID),
    ('70000000-0000-0000-0000-000000000008', 1, '40000000-0000-0000-0000-000000000006', '30000000-0000-0000-0000-000000000012', '60000000-0000-0000-0000-000000000008', 'CLAIM', 'PHONE', '2026-01-09 17:00:00', '질병 입원 문의', NULL, @SYSTEM_USER_ID, @SYSTEM_USER_ID),
    ('70000000-0000-0000-0000-000000000009', 1, '40000000-0000-0000-0000-000000000007', '30000000-0000-0000-0000-000000000013', '60000000-0000-0000-0000-000000000009', 'RENEWAL', 'VISIT', '2026-04-25 14:30:00', '고액 계약 유지 상담', '2026-06-18 16:00:00', @SYSTEM_USER_ID, @SYSTEM_USER_ID),
    ('70000000-0000-0000-0000-000000000010', 2, '40000000-0000-0000-0000-000000000007', '30000000-0000-0000-0000-000000000013', '60000000-0000-0000-0000-000000000010', 'NEW_CONTRACT', 'PHONE', '2026-05-29 10:00:00', '암특약 증액 논의', '2026-06-09 13:00:00', @SYSTEM_USER_ID, @SYSTEM_USER_ID),
    ('70000000-0000-0000-0000-000000000011', 1, '40000000-0000-0000-0000-000000000008', '30000000-0000-0000-0000-000000000013', '60000000-0000-0000-0000-000000000011', 'CLAIM', 'MESSAGE', '2026-03-08 12:00:00', '보장 범위 확인', NULL, @SYSTEM_USER_ID, @SYSTEM_USER_ID),
    ('70000000-0000-0000-0000-000000000012', 1, '40000000-0000-0000-0000-000000000009', '30000000-0000-0000-0000-000000000013', '60000000-0000-0000-0000-000000000012', 'RENEWAL', 'PHONE', '2026-04-01 09:30:00', '계약 상태 확인', '2026-06-25 10:30:00', @SYSTEM_USER_ID, @SYSTEM_USER_ID),
    ('70000000-0000-0000-0000-000000000013', 1, '40000000-0000-0000-0000-000000000010', '30000000-0000-0000-0000-000000000014', '60000000-0000-0000-0000-000000000013', 'RENEWAL', 'VISIT', '2026-05-02 15:30:00', '만기 점검', '2026-06-14 15:30:00', @SYSTEM_USER_ID, @SYSTEM_USER_ID),
    ('70000000-0000-0000-0000-000000000014', 1, '40000000-0000-0000-0000-000000000011', '30000000-0000-0000-0000-000000000014', '60000000-0000-0000-0000-000000000014', 'CLAIM', 'PHONE', '2026-02-27 10:00:00', '진단비 문의', NULL, @SYSTEM_USER_ID, @SYSTEM_USER_ID),
    ('70000000-0000-0000-0000-000000000015', 1, '40000000-0000-0000-0000-000000000012', '30000000-0000-0000-0000-000000000014', '60000000-0000-0000-0000-000000000015', 'TERMINATION', 'MESSAGE', '2026-01-20 11:30:00', '해지 문의 후 유지', NULL, @SYSTEM_USER_ID, @SYSTEM_USER_ID),
    ('70000000-0000-0000-0000-000000000016', 1, '40000000-0000-0000-0000-000000000013', '30000000-0000-0000-0000-000000000015', '60000000-0000-0000-0000-000000000016', 'RENEWAL', 'VISIT', '2026-04-12 13:30:00', '고객 관심도 높음', '2026-06-30 09:00:00', @SYSTEM_USER_ID, @SYSTEM_USER_ID),
    ('70000000-0000-0000-0000-000000000017', 2, '40000000-0000-0000-0000-000000000013', '30000000-0000-0000-0000-000000000015', '60000000-0000-0000-0000-000000000017', 'NEW_CONTRACT', 'PHONE', '2026-05-30 16:30:00', '추가 특약 설명', '2026-06-11 10:00:00', @SYSTEM_USER_ID, @SYSTEM_USER_ID),
    ('70000000-0000-0000-0000-000000000018', 1, '40000000-0000-0000-0000-000000000014', '30000000-0000-0000-0000-000000000015', '60000000-0000-0000-0000-000000000018', 'CLAIM', 'MESSAGE', '2026-03-19 14:00:00', '서류 안내', NULL, @SYSTEM_USER_ID, @SYSTEM_USER_ID),
    ('70000000-0000-0000-0000-000000000019', 1, '40000000-0000-0000-0000-000000000015', '30000000-0000-0000-0000-000000000015', '60000000-0000-0000-0000-000000000019', 'RENEWAL', 'PHONE', '2026-04-28 09:00:00', '납입 상담', '2026-06-16 11:00:00', @SYSTEM_USER_ID, @SYSTEM_USER_ID),
    ('70000000-0000-0000-0000-000000000020', 1, '40000000-0000-0000-0000-000000000016', '30000000-0000-0000-0000-000000000016', '60000000-0000-0000-0000-000000000020', 'RENEWAL', 'VISIT', '2026-04-07 16:00:00', '미납 방지 안내', '2026-06-21 14:00:00', @SYSTEM_USER_ID, @SYSTEM_USER_ID),
    ('70000000-0000-0000-0000-000000000021', 1, '40000000-0000-0000-0000-000000000017', '30000000-0000-0000-0000-000000000016', '60000000-0000-0000-0000-000000000021', 'CLAIM', 'PHONE', '2026-02-11 15:00:00', '보장 내용 설명', NULL, @SYSTEM_USER_ID, @SYSTEM_USER_ID),
    ('70000000-0000-0000-0000-000000000022', 1, '40000000-0000-0000-0000-000000000018', '30000000-0000-0000-0000-000000000016', '60000000-0000-0000-0000-000000000022', 'RENEWAL', 'MESSAGE', '2026-03-25 10:00:00', '정기 점검', NULL, @SYSTEM_USER_ID, @SYSTEM_USER_ID),
    ('70000000-0000-0000-0000-000000000023', 1, '40000000-0000-0000-0000-000000000019', '30000000-0000-0000-0000-000000000017', '60000000-0000-0000-0000-000000000023', 'RENEWAL', 'VISIT', '2026-04-15 11:00:00', '고객 등급 우수', '2026-06-27 11:30:00', @SYSTEM_USER_ID, @SYSTEM_USER_ID),
    ('70000000-0000-0000-0000-000000000024', 2, '40000000-0000-0000-0000-000000000019', '30000000-0000-0000-0000-000000000017', '60000000-0000-0000-0000-000000000023', 'CLAIM', 'PHONE', '2026-05-21 09:00:00', '추가 문의 응대', '2026-06-13 09:00:00', @SYSTEM_USER_ID, @SYSTEM_USER_ID),
    ('70000000-0000-0000-0000-000000000025', 1, '40000000-0000-0000-0000-000000000020', '30000000-0000-0000-0000-000000000017', '60000000-0000-0000-0000-000000000024', 'RENEWAL', 'MESSAGE', '2026-04-26 17:00:00', '계약 유지 상담', NULL, @SYSTEM_USER_ID, @SYSTEM_USER_ID),
    ('70000000-0000-0000-0000-000000000026', 1, '40000000-0000-0000-0000-000000000021', '30000000-0000-0000-0000-000000000017', NULL, 'NEW_CONTRACT', 'PHONE', '2026-05-03 10:00:00', '잠재 고객 첫 상담', '2026-06-19 10:30:00', @SYSTEM_USER_ID, @SYSTEM_USER_ID),
    ('70000000-0000-0000-0000-000000000027', 1, '40000000-0000-0000-0000-000000000022', '30000000-0000-0000-0000-000000000018', NULL, 'NEW_CONTRACT', 'VISIT', '2026-05-07 14:00:00', '상담 관심도 보통', NULL, @SYSTEM_USER_ID, @SYSTEM_USER_ID),
    ('70000000-0000-0000-0000-000000000028', 1, '40000000-0000-0000-0000-000000000023', '30000000-0000-0000-0000-000000000018', NULL, 'NEW_CONTRACT', 'MESSAGE', '2026-05-12 09:00:00', '제안서 발송', '2026-06-24 09:00:00', @SYSTEM_USER_ID, @SYSTEM_USER_ID),
    ('70000000-0000-0000-0000-000000000029', 1, '40000000-0000-0000-0000-000000000024', '30000000-0000-0000-0000-000000000018', NULL, 'NEW_CONTRACT', 'PHONE', '2026-04-30 16:00:00', '추가 확인 필요', NULL, @SYSTEM_USER_ID, @SYSTEM_USER_ID),
    ('70000000-0000-0000-0000-000000000030', 1, '40000000-0000-0000-0000-000000000025', '30000000-0000-0000-0000-000000000019', NULL, 'NEW_CONTRACT', 'VISIT', '2026-05-17 13:00:00', '보장 니즈 확인', '2026-06-22 13:00:00', @SYSTEM_USER_ID, @SYSTEM_USER_ID),
    ('70000000-0000-0000-0000-000000000031', 1, '40000000-0000-0000-0000-000000000026', '30000000-0000-0000-0000-000000000019', NULL, 'NEW_CONTRACT', 'MESSAGE', '2026-05-20 15:00:00', '상품 비교 요청', NULL, @SYSTEM_USER_ID, @SYSTEM_USER_ID),
    ('70000000-0000-0000-0000-000000000032', 1, '40000000-0000-0000-0000-000000000027', '30000000-0000-0000-0000-000000000019', NULL, 'NEW_CONTRACT', 'PHONE', '2026-05-23 11:00:00', '가입 의향 확인', '2026-06-26 11:00:00', @SYSTEM_USER_ID, @SYSTEM_USER_ID),
    ('70000000-0000-0000-0000-000000000033', 1, '40000000-0000-0000-0000-000000000028', '30000000-0000-0000-0000-000000000020', NULL, 'NEW_CONTRACT', 'VISIT', '2026-05-27 10:00:00', '대면 설명 완료', NULL, @SYSTEM_USER_ID, @SYSTEM_USER_ID),
    ('70000000-0000-0000-0000-000000000034', 1, '40000000-0000-0000-0000-000000000029', '30000000-0000-0000-0000-000000000020', NULL, 'NEW_CONTRACT', 'MESSAGE', '2026-05-28 17:00:00', '문자 후속 안내', NULL, @SYSTEM_USER_ID, @SYSTEM_USER_ID);
